{
    "ICON": [
        { "name": "Ronaldo De Lima", "ovr": 117, "season_img": "https://ssl.nexon.com/s2/game/fo4/obt/rank/large/ico_p1110000001.png", "player_img": "https://fo4.dn.nexoncdn.co.kr/live/externalAssets/common/playersAction/p111000001.png"},
        { "name": "Ruud Gullit", "ovr": 116, "season_img": "https://ssl.nexon.com/s2/game/fo4/obt/rank/large/ico_p111000007.png", "player_img": "https://fo4.dn.nexoncdn.co.kr/live/externalAssets/common/playersAction/p111000007.png"},
        { "name": "Zinedine Zidane", "ovr": 116, "season_img": "https://ssl.nexon.com/s2/game/fo4/obt/rank/large/ico_p111000010.png", "player_img": "https://fo4.dn.nexoncdn.co.kr/live/externalAssets/common/playersAction/p111000010.png"}
    ],
    "24TOTY": [
        { "name": "L. Messi", "ovr": 119, "season_img": "https://ssl.nexon.com/s2/game/fo4/obt/rank/large/ico_p281000124.png", "player_img": "https://fo4.dn.nexoncdn.co.kr/live/externalAssets/common/playersAction/p281000124.png"},
        { "name": "K. De Bruyne", "ovr": 118, "season_img": "https://ssl.nexon.com/s2/game/fo4/obt/rank/large/ico_p281000072.png", "player_img": "https://fo4.dn.nexoncdn.co.kr/live/externalAssets/common/playersAction/p281000072.png"},
        { "name": "E. Haaland", "ovr": 118, "season_img": "https://ssl.nexon.com/s2/game/fo4/obt/rank/large/ico_p281000115.png", "player_img": "https://fo4.dn.nexoncdn.co.kr/live/externalAssets/common/playersAction/p281000115.png"}
    ],
    "24HR": [
        { "name": "Cristiano Ronaldo", "ovr": 113, "season_img": "https://ssl.nexon.com/s2/game/fo4/obt/rank/large/ico_p284000001.png", "player_img": "https://fo4.dn.nexoncdn.co.kr/live/externalAssets/common/playersAction/p284000001.png"},
        { "name": "V. van Dijk", "ovr": 112, "season_img": "https://ssl.nexon.com/s2/game/fo4/obt/rank/large/ico_p284000215.png", "player_img": "https://fo4.dn.nexoncdn.co.kr/live/externalAssets/common/playersAction/p284000215.png"}
    ],
    "Live": [
        { "name": "Son Heung-min", "ovr": 105, "season_img": "https://ssl.nexon.com/s2/game/fo4/obt/rank/large/ico_p100000130.png", "player_img": "https://fo4.dn.nexoncdn.co.kr/live/externalAssets/common/playersAction/p100192083.png"},
        { "name": "K. Walker", "ovr": 102, "season_img": "https://ssl.nexon.com/s2/game/fo4/obt/rank/large/ico_p100000257.png", "player_img": "https://fo4.dn.nexoncdn.co.kr/live/externalAssets/common/playersAction/p100186561.png"}
    ],
    "ICON_SECRET": [
        { "name": "SECRET ICON Ronaldo De Lima", "ovr": 120, "season_img": "https://ssl.nexon.com/s2/game/fo4/obt/rank/large/ico_p111000001.png", "player_img": "https://fo4.dn.nexoncdn.co.kr/live/externalAssets/common/players/p111000001.png"},
        { "name": "SECRET ICON L. Messi", "ovr": 120, "season_img": "https://ssl.nexon.com/s2/game/fo4/obt/rank/large/ico_p281000124.png", "player_img": "https://fo4.dn.nexoncdn.co.kr/live/externalAssets/common/players/p281000124.png"}
    ]
}