{
    "1112005828254367756": {
        "channel_id": 1385831476754645013,
        "welcome_message": "\ud83c\udf89 Ch\u00e0o m\u1eebng {user.mention} \u0111\u00e3 \u0111\u1ebfn v\u1edbi nh\u00f3m si\u00eau x\u1ecbn s\u00f2 c\u1ee7a ch\u00fang ta! \ud83c\udf89\n\n\n\nAoyama Cuti v\u1eeba c\u00f3 th\u00eam m\u1ed9t th\u00e0nh vi\u00ean m\u1edbi, s\u0129 s\u1ed1 nh\u00f3m m\u00ecnh gi\u1edd l\u00e0 **{member_count}** r\u1ed3i \u0111\u00f3!\n\n> \u0110\u1ec3 b\u1eaft \u0111\u1ea7u, b\u1ea1n h\u00e3y gh\u00e9 qua ph\u00f2ng `#n\u1ed9i-quy` \u0111\u1ec3 xem qua quy \u0111\u1ecbnh v\u00e0 v\u00e0o `#room-chat-\ud83d\udcac` \u0111\u1ec3 l\u00e0m quen v\u1edbi m\u1ecdi ng\u01b0\u1eddi nh\u00e9!\n\n\n\nCh\u00fac b\u1ea1n c\u00f3 nh\u1eefng gi\u1edd ph\u00fat h\u1ecdc t\u1eadp v\u00e0 vui ch\u01a1i th\u1eadt tuy\u1ec7t t\u1ea1i {server.name}! \u2728",
        "leave_message": "**{user.name}** \u0111\u00e3 r\u1eddi kh\u1ecfi server. T\u1ea1m bi\u1ec7t!",
        "image_url": null
    }
}